{
  "_port_comment": "Heketi Server Port Number",
  "port": "8888",
  "_use_auth": "Enable JWT authorization. Please enable for deployment",
  "use_auth": false,
  "_jwt": "Private keys for access",
  "jwt": {
    "_admin": "Admin has access to all APIs",
    "admin": {
      "key": "My Secret"
    },
    "_user": "User only has access to /volumes endpoint",
    "user": {
      "key": "My Secret"
    }
},
  "_backup_db_to_kube_secret": "Backup the heketi database to a Kubernetes secret when running in Kubernetes. Default is off.",
  "backup_db_to_kube_secret": false,
  "_glusterfs_comment": "GlusterFS Configuration",
  "glusterfs": {
    "_executor_comment": [
      "Execute plugin. Possible choices: mock, ssh",
      "mock: This setting is used for testing and development.",
      "      It will not send commands to any node.",
      "ssh:  This setting will notify Heketi to ssh to the nodes.",
      "      It will need the values in sshexec to be configured.",
      "kubernetes: Communicate with GlusterFS containers over",
      "            Kubernetes exec api."
    ],
    "executor": "ssh",
    "_sshexec_comment": "SSH username and private key file information",
    "sshexec": {
      "keyfile": "/root/.ssh/id_rsa",
      "user": "root",
      "port": "22",
      "fstab": "/etc/fstab",
      "sudo": true
    },
    "_db_comment": "Database file name",
    "db": "/opt/heketi/heketi.db",
    "_loglevel_comment": [
      "Set log level. Choices are:",
      "  none, critical, error, warning, info, debug",
      "Default is warning"
],
    "loglevel" : "debug"
  }
}
